{"acquired_abnormalitylocation_of": ["experimental_model_of_disease", "pathologic_function", "neoplastic_process", "rickettsia_or_chlamydia", "fungus", "cell_or_molecular_dysfunction", "mental_or_behavioral_dysfunction", "bacterium", "virus", "disease_or_syndrome"], "body_part_organ_or_organ_componentlocation_of": ["biologic_function", "mental_or_behavioral_dysfunction", "rickettsia_or_chlamydia", "acquired_abnormality", "physiologic_function", "experimental_model_of_disease", "anatomical_abnormality", "neoplastic_process", "disease_or_syndrome", "body_location_or_region", "injury_or_poisoning", "diagnostic_procedure", "body_space_or_junction", "bacterium", "organism_function", "pathologic_function", "virus", "therapeutic_or_preventive_procedure", "congenital_abnormality", "cell_or_molecular_dysfunction", "cell_function", "fungus", "mental_process", "genetic_function", "organ_or_tissue_function", "molecular_function"], "cell_componentlocation_of": ["cell_function", "organism_function", "diagnostic_procedure", "bacterium", "therapeutic_or_preventive_procedure", "acquired_abnormality", "injury_or_poisoning", "molecular_function", "disease_or_syndrome", "fungus", "mental_process", "neoplastic_process", "anatomical_abnormality", "mental_or_behavioral_dysfunction", "cell_or_molecular_dysfunction", "physiologic_function", "virus", "rickettsia_or_chlamydia", "organ_or_tissue_function", "experimental_model_of_disease", "biologic_function", "congenital_abnormality", "pathologic_function", "body_space_or_junction", "genetic_function"], "celllocation_of": ["bacterium", "cell_or_molecular_dysfunction", "biologic_function", "fungus", "diagnostic_procedure", "disease_or_syndrome", "anatomical_abnormality", "experimental_model_of_disease", "mental_process", "rickettsia_or_chlamydia", "congenital_abnormality", "physiologic_function", "cell_function", "acquired_abnormality", "virus", "organism_function", "neoplastic_process", "injury_or_poisoning", "genetic_function", "molecular_function", "mental_or_behavioral_dysfunction", "body_space_or_junction", "organ_or_tissue_function", "pathologic_function", "therapeutic_or_preventive_procedure"], "self_help_or_relief_organizationlocation_of": ["research_activity", "laboratory_procedure", "governmental_or_regulatory_activity", "therapeutic_or_preventive_procedure", "health_care_activity", "educational_activity", "occupational_activity", "diagnostic_procedure", "molecular_biology_research_technique"], "viruslocation_of": ["biologically_active_substance", "immunologic_factor", "enzyme", "neuroreactive_substance_or_biogenic_amine", "receptor", "vitamin", "hormone"], "body_space_or_junctionlocation_of": ["physiologic_function", "genetic_function", "biologic_function", "body_substance", "neoplastic_process", "organ_or_tissue_function", "anatomical_abnormality", "acquired_abnormality", "molecular_function", "cell_component", "therapeutic_or_preventive_procedure", "congenital_abnormality", "disease_or_syndrome", "mental_or_behavioral_dysfunction", "pathologic_function", "cell_or_molecular_dysfunction", "organism_function", "diagnostic_procedure", "experimental_model_of_disease", "injury_or_poisoning", "mental_process", "cell_function"], "anatomical_structurelocation_of": ["rickettsia_or_chlamydia", "bacterium", "fungus", "virus"], "gene_or_genomelocation_of": ["fungus", "organ_or_tissue_function", "physiologic_function", "anatomical_abnormality", "organism_function", "neoplastic_process", "bacterium", "injury_or_poisoning", "cell_function", "mental_or_behavioral_dysfunction", "genetic_function", "biologic_function", "molecular_function", "cell_or_molecular_dysfunction", "congenital_abnormality", "pathologic_function", "rickettsia_or_chlamydia", "disease_or_syndrome", "acquired_abnormality", "experimental_model_of_disease", "virus", "mental_process"], "anatomical_abnormalitylocation_of": ["cell_or_molecular_dysfunction", "rickettsia_or_chlamydia", "mental_or_behavioral_dysfunction", "fungus", "experimental_model_of_disease", "pathologic_function", "neoplastic_process", "disease_or_syndrome", "bacterium", "virus"], "tissuelocation_of": ["bacterium", "mental_process", "rickettsia_or_chlamydia", "organism_function", "neoplastic_process", "physiologic_function", "diagnostic_procedure", "therapeutic_or_preventive_procedure", "molecular_function", "genetic_function", "cell_function", "cell_or_molecular_dysfunction", "disease_or_syndrome", "anatomical_abnormality", "organ_or_tissue_function", "acquired_abnormality", "injury_or_poisoning", "pathologic_function", "body_space_or_junction", "mental_or_behavioral_dysfunction", "congenital_abnormality", "fungus", "experimental_model_of_disease", "virus", "biologic_function"], "body_location_or_regionlocation_of": ["body_part_organ_or_organ_component", "cell_or_molecular_dysfunction", "neoplastic_process", "biologic_function", "acquired_abnormality", "experimental_model_of_disease", "anatomical_abnormality", "organism_function", "molecular_function", "congenital_abnormality", "diagnostic_procedure", "organ_or_tissue_function", "mental_process", "injury_or_poisoning", "disease_or_syndrome", "pathologic_function", "cell_function", "mental_or_behavioral_dysfunction", "tissue", "genetic_function", "physiologic_function", "therapeutic_or_preventive_procedure"], "health_care_related_organizationlocation_of": ["therapeutic_or_preventive_procedure", "health_care_activity", "governmental_or_regulatory_activity", "laboratory_procedure", "educational_activity", "occupational_activity", "diagnostic_procedure", "research_activity", "molecular_biology_research_technique"], "plantlocation_of": ["neuroreactive_substance_or_biogenic_amine", "immunologic_factor", "enzyme", "hormone", "vitamin", "receptor", "biologically_active_substance"], "rickettsia_or_chlamydialocation_of": ["biologically_active_substance", "hormone", "receptor", "enzyme", "neuroreactive_substance_or_biogenic_amine", "vitamin", "immunologic_factor"], "organizationlocation_of": ["research_activity", "therapeutic_or_preventive_procedure", "health_care_activity", "diagnostic_procedure", "governmental_or_regulatory_activity", "molecular_biology_research_technique", "laboratory_procedure", "occupational_activity", "educational_activity"], "embryonic_structurelocation_of": ["physiologic_function", "neoplastic_process", "disease_or_syndrome", "pathologic_function", "genetic_function", "organism_function", "biologic_function", "molecular_function", "mental_process", "organ_or_tissue_function", "bacterium", "cell_function", "experimental_model_of_disease", "mental_or_behavioral_dysfunction", "rickettsia_or_chlamydia", "cell_or_molecular_dysfunction", "virus", "fungus"], "fully_formed_anatomical_structurelocation_of": ["congenital_abnormality", "experimental_model_of_disease", "biologic_function", "mental_or_behavioral_dysfunction", "pathologic_function", "organ_or_tissue_function", "cell_function", "genetic_function", "anatomical_abnormality", "mental_process", "neoplastic_process", "acquired_abnormality", "injury_or_poisoning", "disease_or_syndrome", "cell_or_molecular_dysfunction", "physiologic_function", "fungus", "bacterium", "organism_function", "molecular_function", "virus", "rickettsia_or_chlamydia"], "professional_societylocation_of": ["diagnostic_procedure", "occupational_activity", "governmental_or_regulatory_activity", "molecular_biology_research_technique", "educational_activity", "research_activity", "health_care_activity", "therapeutic_or_preventive_procedure", "laboratory_procedure"], "congenital_abnormalitylocation_of": ["cell_or_molecular_dysfunction", "rickettsia_or_chlamydia", "mental_or_behavioral_dysfunction", "neoplastic_process", "experimental_model_of_disease", "pathologic_function", "virus", "bacterium", "disease_or_syndrome", "fungus"], "algalocation_of": ["immunologic_factor", "enzyme", "biologically_active_substance", "receptor", "vitamin", "hormone", "neuroreactive_substance_or_biogenic_amine"], "bacteriumlocation_of": ["enzyme", "hormone", "vitamin", "neuroreactive_substance_or_biogenic_amine", "immunologic_factor", "biologically_active_substance", "receptor"], "funguslocation_of": ["enzyme", "receptor", "immunologic_factor", "hormone", "neuroreactive_substance_or_biogenic_amine", "vitamin", "biologically_active_substance"], "anatomical_abnormalitymanifestation_of": ["physiologic_function", "cell_or_molecular_dysfunction", "molecular_function", "organism_function", "pathologic_function", "experimental_model_of_disease", "neoplastic_process", "mental_or_behavioral_dysfunction", "genetic_function", "cell_function", "biologic_function", "mental_process", "disease_or_syndrome", "organ_or_tissue_function"], "experimental_model_of_diseasemanifestation_of": ["molecular_function", "pathologic_function", "mental_or_behavioral_dysfunction", "organ_or_tissue_function", "neoplastic_process", "mental_process", "disease_or_syndrome", "cell_function", "cell_or_molecular_dysfunction", "organism_function", "injury_or_poisoning", "genetic_function", "physiologic_function"], "disease_or_syndromemanifestation_of": ["pathologic_function", "mental_process", "molecular_function", "injury_or_poisoning", "genetic_function", "cell_function", "experimental_model_of_disease", "organ_or_tissue_function", "mental_or_behavioral_dysfunction", "organism_function", "cell_or_molecular_dysfunction", "neoplastic_process", "physiologic_function"], "cell_or_molecular_dysfunctionmanifestation_of": ["genetic_function", "physiologic_function", "cell_function", "mental_or_behavioral_dysfunction", "experimental_model_of_disease", "disease_or_syndrome", "neoplastic_process", "organism_function", "pathologic_function", "mental_process", "organ_or_tissue_function", "molecular_function", "injury_or_poisoning"], "findingmanifestation_of": ["neoplastic_process", "injury_or_poisoning", "biologic_function", "congenital_abnormality", "cell_function", "physiologic_function", "molecular_function", "genetic_function", "anatomical_abnormality", "acquired_abnormality", "mental_process", "pathologic_function", "cell_or_molecular_dysfunction", "mental_or_behavioral_dysfunction", "organ_or_tissue_function", "disease_or_syndrome", "experimental_model_of_disease", "organism_function"], "congenital_abnormalitymanifestation_of": ["biologic_function", "pathologic_function", "organ_or_tissue_function", "experimental_model_of_disease", "mental_process", "neoplastic_process", "cell_function", "organism_function", "molecular_function", "physiologic_function", "genetic_function", "cell_or_molecular_dysfunction", "mental_or_behavioral_dysfunction", "disease_or_syndrome"], "organism_attributemanifestation_of": ["mental_process", "genetic_function", "organism_function", "physiologic_function", "molecular_function", "cell_function", "organ_or_tissue_function"], "sign_or_symptommanifestation_of": ["congenital_abnormality", "biologic_function", "genetic_function", "experimental_model_of_disease", "cell_function", "pathologic_function", "injury_or_poisoning", "cell_or_molecular_dysfunction", "mental_or_behavioral_dysfunction", "organism_function", "neoplastic_process", "disease_or_syndrome", "molecular_function", "physiologic_function", "anatomical_abnormality", "acquired_abnormality", "mental_process", "organ_or_tissue_function"], "acquired_abnormalitymanifestation_of": ["mental_process", "cell_or_molecular_dysfunction", "organism_function", "organ_or_tissue_function", "biologic_function", "neoplastic_process", "experimental_model_of_disease", "mental_or_behavioral_dysfunction", "disease_or_syndrome", "molecular_function", "physiologic_function", "cell_function", "pathologic_function", "genetic_function"], "neoplastic_processmanifestation_of": ["organism_function", "genetic_function", "disease_or_syndrome", "cell_function", "physiologic_function", "molecular_function", "injury_or_poisoning", "cell_or_molecular_dysfunction", "mental_or_behavioral_dysfunction", "organ_or_tissue_function", "mental_process", "pathologic_function", "experimental_model_of_disease"], "social_behaviormanifestation_of": ["mental_or_behavioral_dysfunction", "mental_process"], "laboratory_or_test_resultmanifestation_of": ["cell_or_molecular_dysfunction", "organ_or_tissue_function", "physiologic_function", "acquired_abnormality", "mental_process", "mental_or_behavioral_dysfunction", "anatomical_abnormality", "congenital_abnormality", "injury_or_poisoning", "biologic_function", "neoplastic_process", "genetic_function", "disease_or_syndrome", "organism_function", "molecular_function", "cell_function", "pathologic_function", "experimental_model_of_disease"], "mental_or_behavioral_dysfunctionmanifestation_of": ["cell_function", "pathologic_function", "mental_process", "organ_or_tissue_function", "disease_or_syndrome", "injury_or_poisoning", "cell_or_molecular_dysfunction", "neoplastic_process", "organism_function", "experimental_model_of_disease", "molecular_function", "physiologic_function", "genetic_function"], "pathologic_functionmanifestation_of": ["cell_or_molecular_dysfunction", "mental_or_behavioral_dysfunction", "physiologic_function", "experimental_model_of_disease", "organ_or_tissue_function", "mental_process", "organism_function", "molecular_function", "injury_or_poisoning", "cell_function", "genetic_function", "disease_or_syndrome", "neoplastic_process"], "clinical_attributemanifestation_of": ["genetic_function", "organism_function", "cell_function", "mental_process", "physiologic_function", "molecular_function", "organ_or_tissue_function"], "behaviormanifestation_of": ["mental_process", "mental_or_behavioral_dysfunction"], "individual_behaviormanifestation_of": ["mental_process", "mental_or_behavioral_dysfunction"], "health_care_activityassociated_with": ["anatomical_abnormality", "acquired_abnormality", "mental_or_behavioral_dysfunction", "pathologic_function", "neoplastic_process", "experimental_model_of_disease", "disease_or_syndrome", "congenital_abnormality", "cell_or_molecular_dysfunction", "injury_or_poisoning"], "behaviorassociated_with": ["group", "family_group", "population_group", "geographic_area", "biomedical_occupation_or_discipline", "organism_attribute", "patient_or_disabled_group", "group_attribute", "occupation_or_discipline", "clinical_attribute", "professional_or_occupational_group", "age_group"], "molecular_biology_research_techniqueassociated_with": ["anatomical_abnormality", "acquired_abnormality", "injury_or_poisoning", "congenital_abnormality", "disease_or_syndrome", "mental_or_behavioral_dysfunction", "pathologic_function", "neoplastic_process", "experimental_model_of_disease", "cell_or_molecular_dysfunction"], "geographic_areaassociated_with": ["anatomical_abnormality", "congenital_abnormality", "acquired_abnormality", "pathologic_function", "disease_or_syndrome", "experimental_model_of_disease", "neoplastic_process", "mental_or_behavioral_dysfunction", "injury_or_poisoning", "cell_or_molecular_dysfunction"], "mental_or_behavioral_dysfunctionassociated_with": ["clinical_attribute", "experimental_model_of_disease", "cell_or_molecular_dysfunction", "neoplastic_process", "pathologic_function", "organism_attribute"], "laboratory_or_test_resultassociated_with": ["neoplastic_process", "experimental_model_of_disease", "congenital_abnormality", "mental_or_behavioral_dysfunction", "cell_or_molecular_dysfunction", "pathologic_function", "acquired_abnormality", "injury_or_poisoning", "disease_or_syndrome", "anatomical_abnormality"], "individual_behaviorassociated_with": ["group", "biomedical_occupation_or_discipline", "geographic_area", "clinical_attribute", "congenital_abnormality", "patient_or_disabled_group", "organism_attribute", "disease_or_syndrome", "anatomical_abnormality", "acquired_abnormality", "group_attribute", "population_group", "professional_or_occupational_group", "mental_or_behavioral_dysfunction", "experimental_model_of_disease", "age_group", "pathologic_function", "cell_or_molecular_dysfunction", "family_group", "injury_or_poisoning", "occupation_or_discipline", "neoplastic_process"], "therapeutic_or_preventive_procedureassociated_with": ["cell_or_molecular_dysfunction", "disease_or_syndrome", "pathologic_function", "neoplastic_process", "congenital_abnormality", "anatomical_abnormality", "injury_or_poisoning", "experimental_model_of_disease", "mental_or_behavioral_dysfunction", "acquired_abnormality"], "social_behaviorassociated_with": ["occupation_or_discipline", "population_group", "group_attribute", "organism_attribute", "age_group", "family_group", "group", "clinical_attribute", "biomedical_occupation_or_discipline", "geographic_area", "patient_or_disabled_group", "professional_or_occupational_group"], "findingassociated_with": ["congenital_abnormality", "disease_or_syndrome", "anatomical_abnormality", "experimental_model_of_disease", "acquired_abnormality", "pathologic_function", "mental_or_behavioral_dysfunction", "cell_or_molecular_dysfunction", "neoplastic_process", "injury_or_poisoning"], "research_activityassociated_with": ["neoplastic_process", "anatomical_abnormality", "experimental_model_of_disease", "injury_or_poisoning", "cell_or_molecular_dysfunction", "congenital_abnormality", "disease_or_syndrome", "acquired_abnormality", "pathologic_function", "mental_or_behavioral_dysfunction"], "governmental_or_regulatory_activityassociated_with": ["experimental_model_of_disease", "neoplastic_process", "acquired_abnormality", "mental_or_behavioral_dysfunction", "injury_or_poisoning", "anatomical_abnormality", "congenital_abnormality", "cell_or_molecular_dysfunction", "pathologic_function", "disease_or_syndrome"], "experimental_model_of_diseaseassociated_with": ["pathologic_function", "organism_attribute", "clinical_attribute"], "population_groupassociated_with": ["injury_or_poisoning", "experimental_model_of_disease", "congenital_abnormality", "neoplastic_process", "cell_or_molecular_dysfunction", "mental_or_behavioral_dysfunction", "pathologic_function", "acquired_abnormality", "disease_or_syndrome", "anatomical_abnormality"], "occupational_activityassociated_with": ["acquired_abnormality", "mental_or_behavioral_dysfunction", "anatomical_abnormality", "congenital_abnormality", "experimental_model_of_disease", "pathologic_function", "injury_or_poisoning", "cell_or_molecular_dysfunction", "neoplastic_process", "disease_or_syndrome"], "sign_or_symptomassociated_with": ["neoplastic_process", "pathologic_function", "anatomical_abnormality", "experimental_model_of_disease", "congenital_abnormality", "disease_or_syndrome", "cell_or_molecular_dysfunction", "mental_or_behavioral_dysfunction", "injury_or_poisoning", "acquired_abnormality"], "diagnostic_procedureassociated_with": ["cell_or_molecular_dysfunction", "disease_or_syndrome", "anatomical_abnormality", "injury_or_poisoning", "acquired_abnormality", "mental_or_behavioral_dysfunction", "experimental_model_of_disease", "pathologic_function", "congenital_abnormality", "neoplastic_process"], "educational_activityassociated_with": ["congenital_abnormality", "mental_or_behavioral_dysfunction", "disease_or_syndrome", "injury_or_poisoning", "cell_or_molecular_dysfunction", "neoplastic_process", "anatomical_abnormality", "experimental_model_of_disease", "acquired_abnormality", "pathologic_function"], "congenital_abnormalityassociated_with": ["clinical_attribute", "organism_attribute"], "receptorassociated_with": ["virus"], "vitaminassociated_with": ["virus"], "biologically_active_substanceassociated_with": ["virus"], "cell_or_molecular_dysfunctionassociated_with": ["experimental_model_of_disease", "organism_attribute", "pathologic_function", "clinical_attribute"], "hormoneassociated_with": ["virus"], "laboratory_procedureassociated_with": ["mental_or_behavioral_dysfunction", "cell_or_molecular_dysfunction", "disease_or_syndrome", "congenital_abnormality", "injury_or_poisoning", "neoplastic_process", "acquired_abnormality", "experimental_model_of_disease", "anatomical_abnormality", "pathologic_function"], "neoplastic_processassociated_with": ["experimental_model_of_disease", "clinical_attribute", "organism_attribute", "pathologic_function", "cell_or_molecular_dysfunction"], "disease_or_syndromeassociated_with": ["mental_or_behavioral_dysfunction", "experimental_model_of_disease", "organism_attribute", "pathologic_function", "clinical_attribute", "neoplastic_process", "cell_or_molecular_dysfunction"], "daily_or_recreational_activityassociated_with": ["disease_or_syndrome", "mental_or_behavioral_dysfunction", "anatomical_abnormality", "cell_or_molecular_dysfunction", "congenital_abnormality", "injury_or_poisoning", "neoplastic_process", "acquired_abnormality", "experimental_model_of_disease", "pathologic_function"], "immunologic_factorassociated_with": ["virus"], "injury_or_poisoningassociated_with": ["organism_attribute", "clinical_attribute"], "pathologic_functionassociated_with": ["clinical_attribute", "organism_attribute"], "acquired_abnormalityassociated_with": ["clinical_attribute", "organism_attribute"], "enzymeassociated_with": ["virus"], "anatomical_abnormalityassociated_with": ["clinical_attribute", "organism_attribute"], "neuroreactive_substance_or_biogenic_amineassociated_with": ["virus"], "clinical_attributeassociated_with": ["organism_attribute"], "biologically_active_substancecomplicates": ["anatomical_abnormality", "cell_or_molecular_dysfunction", "cell_function", "molecular_function", "experimental_model_of_disease", "disease_or_syndrome", "genetic_function", "organ_or_tissue_function", "organism_function", "mental_or_behavioral_dysfunction", "injury_or_poisoning", "biologic_function", "neoplastic_process", "acquired_abnormality", "pathologic_function", "congenital_abnormality", "physiologic_function", "mental_process"], "enzymecomplicates": ["organ_or_tissue_function", "anatomical_abnormality", "molecular_function", "genetic_function", "mental_process", "acquired_abnormality", "physiologic_function", "disease_or_syndrome", "pathologic_function", "cell_function", "mental_or_behavioral_dysfunction", "injury_or_poisoning", "biologic_function", "cell_or_molecular_dysfunction", "congenital_abnormality", "organism_function", "experimental_model_of_disease", "neoplastic_process"], "experimental_model_of_diseasecomplicates": ["disease_or_syndrome", "cell_or_molecular_dysfunction", "neoplastic_process", "acquired_abnormality", "injury_or_poisoning", "congenital_abnormality", "anatomical_abnormality", "pathologic_function", "mental_or_behavioral_dysfunction"], "hormonecomplicates": ["cell_function", "anatomical_abnormality", "acquired_abnormality", "pathologic_function", "organism_function", "mental_process", "molecular_function", "cell_or_molecular_dysfunction", "organ_or_tissue_function", "disease_or_syndrome", "congenital_abnormality", "neoplastic_process", "injury_or_poisoning", "experimental_model_of_disease", "genetic_function", "mental_or_behavioral_dysfunction", "biologic_function", "physiologic_function"], "disease_or_syndromecomplicates": ["acquired_abnormality", "congenital_abnormality", "pathologic_function", "mental_or_behavioral_dysfunction", "injury_or_poisoning", "neoplastic_process", "experimental_model_of_disease", "anatomical_abnormality", "cell_or_molecular_dysfunction"], "immunologic_factorcomplicates": ["congenital_abnormality", "neoplastic_process", "mental_or_behavioral_dysfunction", "experimental_model_of_disease", "biologic_function", "cell_function", "mental_process", "anatomical_abnormality", "pathologic_function", "organ_or_tissue_function", "acquired_abnormality", "molecular_function", "cell_or_molecular_dysfunction", "organism_function", "disease_or_syndrome", "genetic_function", "physiologic_function", "injury_or_poisoning"], "neoplastic_processcomplicates": ["acquired_abnormality", "pathologic_function", "cell_or_molecular_dysfunction", "mental_or_behavioral_dysfunction", "disease_or_syndrome", "injury_or_poisoning", "experimental_model_of_disease", "congenital_abnormality", "anatomical_abnormality"], "cell_or_molecular_dysfunctioncomplicates": ["congenital_abnormality", "experimental_model_of_disease", "neoplastic_process", "anatomical_abnormality", "acquired_abnormality", "disease_or_syndrome", "pathologic_function", "injury_or_poisoning", "mental_or_behavioral_dysfunction"], "pathologic_functioncomplicates": ["neoplastic_process", "cell_or_molecular_dysfunction", "congenital_abnormality", "acquired_abnormality", "anatomical_abnormality", "mental_or_behavioral_dysfunction", "disease_or_syndrome", "experimental_model_of_disease", "injury_or_poisoning"], "injury_or_poisoningcomplicates": ["mental_or_behavioral_dysfunction", "cell_or_molecular_dysfunction", "congenital_abnormality", "neoplastic_process", "anatomical_abnormality", "pathologic_function", "acquired_abnormality", "experimental_model_of_disease", "disease_or_syndrome"], "therapeutic_or_preventive_procedurecomplicates": ["physiologic_function", "genetic_function", "mental_or_behavioral_dysfunction", "experimental_model_of_disease", "organ_or_tissue_function", "disease_or_syndrome", "neoplastic_process", "molecular_function", "organism_function", "cell_or_molecular_dysfunction", "biologic_function", "mental_process", "pathologic_function", "cell_function"], "pharmacologic_substancecomplicates": ["pathologic_function", "congenital_abnormality", "cell_or_molecular_dysfunction", "molecular_function", "experimental_model_of_disease", "injury_or_poisoning", "anatomical_abnormality", "organ_or_tissue_function", "acquired_abnormality", "mental_or_behavioral_dysfunction", "cell_function", "physiologic_function", "mental_process", "organism_function", "disease_or_syndrome", "neoplastic_process", "genetic_function", "biologic_function"], "antibioticcomplicates": ["mental_or_behavioral_dysfunction", "physiologic_function", "pathologic_function", "organ_or_tissue_function", "neoplastic_process", "experimental_model_of_disease", "congenital_abnormality", "genetic_function", "cell_or_molecular_dysfunction", "disease_or_syndrome", "biologic_function", "injury_or_poisoning", "molecular_function", "organism_function", "acquired_abnormality", "anatomical_abnormality", "mental_process", "cell_function"], "receptorcomplicates": ["physiologic_function", "anatomical_abnormality", "neoplastic_process", "organism_function", "cell_function", "acquired_abnormality", "cell_or_molecular_dysfunction", "molecular_function", "congenital_abnormality", "mental_process", "organ_or_tissue_function", "biologic_function", "experimental_model_of_disease", "injury_or_poisoning", "pathologic_function", "genetic_function", "mental_or_behavioral_dysfunction", "disease_or_syndrome"], "neuroreactive_substance_or_biogenic_aminecomplicates": ["cell_or_molecular_dysfunction", "molecular_function", "neoplastic_process", "organism_function", "physiologic_function", "disease_or_syndrome", "mental_or_behavioral_dysfunction", "acquired_abnormality", "anatomical_abnormality", "mental_process", "congenital_abnormality", "organ_or_tissue_function", "biologic_function", "pathologic_function", "experimental_model_of_disease", "injury_or_poisoning", "cell_function", "genetic_function"], "vitamincomplicates": ["organism_function", "anatomical_abnormality", "experimental_model_of_disease", "genetic_function", "neoplastic_process", "biologic_function", "injury_or_poisoning", "disease_or_syndrome", "mental_process", "cell_function", "mental_or_behavioral_dysfunction", "organ_or_tissue_function", "acquired_abnormality", "pathologic_function", "molecular_function", "congenital_abnormality", "physiologic_function", "cell_or_molecular_dysfunction"], "mental_or_behavioral_dysfunctioncomplicates": ["disease_or_syndrome", "anatomical_abnormality", "pathologic_function", "congenital_abnormality", "experimental_model_of_disease", "neoplastic_process", "cell_or_molecular_dysfunction", "acquired_abnormality", "injury_or_poisoning"], "hazardous_or_poisonous_substancecomplicates": ["disease_or_syndrome", "molecular_function", "experimental_model_of_disease", "mental_process", "injury_or_poisoning", "cell_function", "organism_function", "biologic_function", "cell_or_molecular_dysfunction", "physiologic_function", "genetic_function", "pathologic_function", "acquired_abnormality", "mental_or_behavioral_dysfunction", "organ_or_tissue_function", "anatomical_abnormality", "congenital_abnormality", "neoplastic_process"], "acquired_abnormalitycomplicates": ["anatomical_abnormality", "congenital_abnormality"], "congenital_abnormalitycomplicates": ["acquired_abnormality", "anatomical_abnormality"], "anatomical_abnormalitycomplicates": ["acquired_abnormality", "congenital_abnormality"], "experimental_model_of_diseaseoccurs_in": ["professional_or_occupational_group", "family_group", "patient_or_disabled_group", "disease_or_syndrome", "injury_or_poisoning", "neoplastic_process", "population_group", "mental_or_behavioral_dysfunction", "group", "age_group"], "neoplastic_processoccurs_in": ["mental_or_behavioral_dysfunction", "patient_or_disabled_group", "professional_or_occupational_group", "population_group", "family_group", "disease_or_syndrome", "group", "age_group", "injury_or_poisoning"], "mental_or_behavioral_dysfunctionoccurs_in": ["age_group", "neoplastic_process", "injury_or_poisoning", "population_group", "group", "disease_or_syndrome", "professional_or_occupational_group", "family_group", "patient_or_disabled_group"], "cell_or_molecular_dysfunctionoccurs_in": ["neoplastic_process", "disease_or_syndrome", "group", "professional_or_occupational_group", "family_group", "population_group", "patient_or_disabled_group", "age_group", "mental_or_behavioral_dysfunction", "injury_or_poisoning"], "pathologic_functionoccurs_in": ["population_group", "age_group", "neoplastic_process", "family_group", "injury_or_poisoning", "patient_or_disabled_group", "professional_or_occupational_group", "group", "disease_or_syndrome", "mental_or_behavioral_dysfunction"], "physiologic_functionoccurs_in": ["temporal_concept"], "acquired_abnormalityoccurs_in": ["group", "population_group", "patient_or_disabled_group", "family_group", "professional_or_occupational_group", "age_group"], "congenital_abnormalityoccurs_in": ["population_group", "age_group", "family_group", "group", "patient_or_disabled_group", "professional_or_occupational_group"], "injury_or_poisoningoccurs_in": ["patient_or_disabled_group", "population_group", "group", "age_group", "family_group", "professional_or_occupational_group"], "genetic_functionoccurs_in": ["temporal_concept"], "cell_functionoccurs_in": ["temporal_concept"], "anatomical_abnormalityoccurs_in": ["group", "family_group", "age_group", "patient_or_disabled_group", "population_group", "professional_or_occupational_group"], "disease_or_syndromeoccurs_in": ["family_group", "age_group", "professional_or_occupational_group", "population_group", "group", "injury_or_poisoning", "mental_or_behavioral_dysfunction", "neoplastic_process", "patient_or_disabled_group"], "mental_processoccurs_in": ["temporal_concept"], "molecular_functionoccurs_in": ["temporal_concept"], "organ_or_tissue_functionoccurs_in": ["temporal_concept", "organism_function", "mental_process"], "organism_functionoccurs_in": ["temporal_concept"], "patient_or_disabled_groupuses": ["clinical_drug", "classification", "medical_device", "intellectual_product", "manufactured_object", "regulation_or_law", "drug_delivery_device", "research_device"], "age_groupuses": ["clinical_drug", "research_device", "drug_delivery_device", "manufactured_object", "regulation_or_law", "medical_device", "intellectual_product", "classification"], "population_groupuses": ["research_device", "intellectual_product", "manufactured_object", "clinical_drug", "drug_delivery_device", "classification", "medical_device", "regulation_or_law"], "family_groupuses": ["intellectual_product", "regulation_or_law", "clinical_drug", "classification", "manufactured_object", "research_device", "drug_delivery_device", "medical_device"], "diagnostic_procedureuses": ["antibiotic", "medical_device", "pharmacologic_substance", "clinical_drug", "manufactured_object", "research_device", "drug_delivery_device"], "therapeutic_or_preventive_procedureuses": ["manufactured_object", "drug_delivery_device", "research_device", "food", "pharmacologic_substance", "medical_device", "antibiotic", "clinical_drug"], "molecular_biology_research_techniqueuses": ["research_device"], "groupuses": ["intellectual_product", "medical_device", "regulation_or_law", "clinical_drug", "drug_delivery_device", "manufactured_object", "research_device", "classification"], "professional_or_occupational_groupuses": ["clinical_drug", "classification", "medical_device", "intellectual_product", "research_device", "regulation_or_law", "manufactured_object", "drug_delivery_device"], "research_activityuses": ["research_device"], "professional_or_occupational_groupproduces": ["clinical_drug", "research_device", "classification", "drug_delivery_device", "medical_device", "intellectual_product", "manufactured_object", "regulation_or_law"], "cellproduces": ["amino_acid_peptide_or_protein", "immunologic_factor", "carbohydrate", "steroid", "organophosphorus_compound", "lipid", "neuroreactive_substance_or_biogenic_amine", "biologically_active_substance", "eicosanoid", "enzyme", "nucleic_acid_nucleoside_or_nucleotide", "organic_chemical", "body_substance", "hormone", "vitamin", "receptor"], "mental_or_behavioral_dysfunctionproduces": ["immunologic_factor", "hormone", "neuroreactive_substance_or_biogenic_amine", "tissue", "receptor", "biologically_active_substance", "body_substance", "enzyme", "vitamin"], "molecular_functionproduces": ["receptor", "biologically_active_substance", "immunologic_factor", "enzyme", "body_substance", "vitamin", "hormone", "neuroreactive_substance_or_biogenic_amine"], "mental_processproduces": ["immunologic_factor", "neuroreactive_substance_or_biogenic_amine", "family_group", "body_substance", "vitamin", "enzyme", "receptor", "age_group", "hormone", "biologically_active_substance"], "organ_or_tissue_functionproduces": ["receptor", "neuroreactive_substance_or_biogenic_amine", "vitamin", "body_substance", "biologically_active_substance", "immunologic_factor", "enzyme", "hormone"], "health_care_related_organizationproduces": ["regulation_or_law", "intellectual_product", "classification"], "physiologic_functionproduces": ["receptor", "enzyme", "vitamin", "neuroreactive_substance_or_biogenic_amine", "body_substance", "hormone", "immunologic_factor", "biologically_active_substance"], "organizationproduces": ["classification", "intellectual_product", "regulation_or_law"], "tissueproduces": ["receptor", "enzyme", "eicosanoid", "vitamin", "immunologic_factor", "amino_acid_peptide_or_protein", "carbohydrate", "lipid", "steroid", "nucleic_acid_nucleoside_or_nucleotide", "neuroreactive_substance_or_biogenic_amine", "hormone", "organophosphorus_compound", "organic_chemical", "body_substance", "biologically_active_substance"], "gene_or_genomeproduces": ["biologically_active_substance", "carbohydrate", "lipid", "steroid", "organophosphorus_compound", "receptor", "amino_acid_peptide_or_protein", "immunologic_factor", "eicosanoid", "hormone", "neuroreactive_substance_or_biogenic_amine", "organic_chemical", "enzyme", "nucleic_acid_nucleoside_or_nucleotide", "body_substance", "vitamin"], "biologic_functionproduces": ["vitamin", "immunologic_factor", "neuroreactive_substance_or_biogenic_amine", "hormone", "biologically_active_substance", "body_substance", "enzyme", "receptor"], "population_groupproduces": ["manufactured_object", "research_device", "drug_delivery_device", "classification", "clinical_drug", "intellectual_product", "regulation_or_law", "medical_device"], "cell_functionproduces": ["enzyme", "neuroreactive_substance_or_biogenic_amine", "receptor", "biologically_active_substance", "immunologic_factor", "body_substance", "hormone", "vitamin"], "genetic_functionproduces": ["biologically_active_substance", "body_substance", "vitamin", "enzyme", "cell_component", "immunologic_factor", "receptor", "neuroreactive_substance_or_biogenic_amine", "hormone"], "cell_or_molecular_dysfunctionproduces": ["body_substance", "vitamin", "immunologic_factor", "neuroreactive_substance_or_biogenic_amine", "enzyme", "hormone", "receptor", "biologically_active_substance"], "age_groupproduces": ["manufactured_object", "clinical_drug", "classification", "intellectual_product", "medical_device", "drug_delivery_device", "research_device", "regulation_or_law"], "fully_formed_anatomical_structureproduces": ["lipid", "amino_acid_peptide_or_protein", "neuroreactive_substance_or_biogenic_amine", "eicosanoid", "nucleic_acid_nucleoside_or_nucleotide", "body_substance", "vitamin", "biologically_active_substance", "immunologic_factor", "hormone", "organophosphorus_compound", "organic_chemical", "steroid", "enzyme", "receptor", "carbohydrate"], "body_part_organ_or_organ_componentproduces": ["eicosanoid", "organophosphorus_compound", "amino_acid_peptide_or_protein", "lipid", "steroid", "carbohydrate", "enzyme", "biologically_active_substance", "hormone", "immunologic_factor", "nucleic_acid_nucleoside_or_nucleotide", "vitamin", "neuroreactive_substance_or_biogenic_amine", "receptor", "organic_chemical", "body_substance"], "neoplastic_processproduces": ["hormone", "biologically_active_substance", "vitamin", "immunologic_factor", "body_substance", "neuroreactive_substance_or_biogenic_amine", "enzyme", "receptor", "tissue"], "patient_or_disabled_groupproduces": ["drug_delivery_device", "regulation_or_law", "intellectual_product", "research_device", "clinical_drug", "classification", "manufactured_object", "medical_device"], "experimental_model_of_diseaseproduces": ["immunologic_factor", "vitamin", "body_substance", "enzyme", "hormone", "neuroreactive_substance_or_biogenic_amine", "receptor", "biologically_active_substance"], "disease_or_syndromeproduces": ["vitamin", "tissue", "neuroreactive_substance_or_biogenic_amine", "biologically_active_substance", "immunologic_factor", "enzyme", "hormone", "receptor", "body_substance"], "cell_componentproduces": ["organophosphorus_compound", "amino_acid_peptide_or_protein", "eicosanoid", "body_substance", "hormone", "neuroreactive_substance_or_biogenic_amine", "vitamin", "carbohydrate", "organic_chemical", "biologically_active_substance", "enzyme", "lipid", "steroid", "immunologic_factor", "receptor", "nucleic_acid_nucleoside_or_nucleotide"], "pathologic_functionproduces": ["immunologic_factor", "enzyme", "body_substance", "receptor", "biologically_active_substance", "vitamin", "neuroreactive_substance_or_biogenic_amine", "hormone"], "family_groupproduces": ["clinical_drug", "regulation_or_law", "medical_device", "manufactured_object", "drug_delivery_device", "classification", "intellectual_product", "research_device"], "groupproduces": ["manufactured_object", "classification", "clinical_drug", "regulation_or_law", "drug_delivery_device", "intellectual_product", "medical_device", "research_device"], "self_help_or_relief_organizationproduces": ["intellectual_product", "classification", "regulation_or_law"], "organism_functionproduces": ["family_group", "body_substance", "age_group", "neuroreactive_substance_or_biogenic_amine", "immunologic_factor", "enzyme", "biologically_active_substance", "vitamin", "receptor", "hormone"], "professional_societyproduces": ["regulation_or_law", "intellectual_product", "classification"], "cell_functionco-occurs_with": ["physiologic_function", "genetic_function", "molecular_function"], "pathologic_functionco-occurs_with": ["anatomical_abnormality", "congenital_abnormality", "acquired_abnormality", "injury_or_poisoning"], "congenital_abnormalityco-occurs_with": ["acquired_abnormality", "anatomical_abnormality"], "mental_or_behavioral_dysfunctionco-occurs_with": ["acquired_abnormality", "pathologic_function", "anatomical_abnormality", "congenital_abnormality", "neoplastic_process", "cell_or_molecular_dysfunction", "injury_or_poisoning", "experimental_model_of_disease"], "disease_or_syndromeco-occurs_with": ["experimental_model_of_disease", "pathologic_function", "mental_or_behavioral_dysfunction", "acquired_abnormality", "anatomical_abnormality", "neoplastic_process", "congenital_abnormality", "cell_or_molecular_dysfunction", "injury_or_poisoning"], "neoplastic_processco-occurs_with": ["cell_or_molecular_dysfunction", "acquired_abnormality", "injury_or_poisoning", "experimental_model_of_disease", "congenital_abnormality", "pathologic_function", "anatomical_abnormality"], "acquired_abnormalityco-occurs_with": ["anatomical_abnormality", "injury_or_poisoning"], "cell_or_molecular_dysfunctionco-occurs_with": ["injury_or_poisoning", "pathologic_function", "anatomical_abnormality", "congenital_abnormality", "experimental_model_of_disease", "acquired_abnormality"], "organism_functionco-occurs_with": ["molecular_function", "genetic_function", "organ_or_tissue_function", "physiologic_function", "cell_function", "mental_process"], "organ_or_tissue_functionco-occurs_with": ["cell_function", "genetic_function", "physiologic_function", "molecular_function"], "experimental_model_of_diseaseco-occurs_with": ["acquired_abnormality", "pathologic_function", "injury_or_poisoning", "congenital_abnormality", "anatomical_abnormality"], "sign_or_symptomco-occurs_with": ["finding"], "laboratory_or_test_resultco-occurs_with": ["finding", "sign_or_symptom"], "molecular_functionco-occurs_with": ["genetic_function", "physiologic_function"], "mental_processco-occurs_with": ["physiologic_function", "molecular_function", "cell_function", "organ_or_tissue_function", "genetic_function"], "genetic_functionco-occurs_with": ["physiologic_function"], "enzymedisrupts": ["fully_formed_anatomical_structure", "genetic_function", "body_part_organ_or_organ_component", "gene_or_genome", "cell_component", "organ_or_tissue_function", "molecular_function", "physiologic_function", "organism_function", "mental_process", "cell", "embryonic_structure", "cell_function", "tissue"], "immunologic_factordisrupts": ["embryonic_structure", "cell", "mental_process", "molecular_function", "cell_function", "cell_component", "tissue", "organism_function", "organ_or_tissue_function", "physiologic_function", "gene_or_genome", "fully_formed_anatomical_structure", "genetic_function", "body_part_organ_or_organ_component"], "receptordisrupts": ["body_part_organ_or_organ_component", "organism_function", "cell_function", "embryonic_structure", "organ_or_tissue_function", "fully_formed_anatomical_structure", "physiologic_function", "tissue", "gene_or_genome", "mental_process", "cell_component", "genetic_function", "cell", "molecular_function"], "hormonedisrupts": ["body_part_organ_or_organ_component", "cell_function", "mental_process", "embryonic_structure", "organism_function", "cell_component", "molecular_function", "fully_formed_anatomical_structure", "physiologic_function", "gene_or_genome", "organ_or_tissue_function", "genetic_function", "cell", "tissue"], "injury_or_poisoningdisrupts": ["cell", "organ_or_tissue_function", "cell_function", "physiologic_function", "cell_component", "mental_process", "organism_function", "genetic_function", "fully_formed_anatomical_structure", "embryonic_structure", "body_part_organ_or_organ_component", "gene_or_genome", "molecular_function", "tissue"], "neuroreactive_substance_or_biogenic_aminedisrupts": ["gene_or_genome", "cell", "physiologic_function", "tissue", "body_part_organ_or_organ_component", "fully_formed_anatomical_structure", "cell_component", "embryonic_structure", "mental_process", "organism_function", "cell_function", "genetic_function", "molecular_function", "organ_or_tissue_function"], "biologically_active_substancedisrupts": ["fully_formed_anatomical_structure", "molecular_function", "cell", "body_part_organ_or_organ_component", "genetic_function", "cell_function", "mental_process", "physiologic_function", "tissue", "embryonic_structure", "organism_function", "gene_or_genome", "cell_component", "organ_or_tissue_function"], "hazardous_or_poisonous_substancedisrupts": ["cell_function", "gene_or_genome", "tissue", "fully_formed_anatomical_structure", "cell", "body_part_organ_or_organ_component", "genetic_function", "organism_function", "molecular_function", "physiologic_function", "embryonic_structure", "cell_component", "organ_or_tissue_function", "mental_process"], "pharmacologic_substancedisrupts": ["molecular_function", "body_part_organ_or_organ_component", "fully_formed_anatomical_structure", "cell", "organ_or_tissue_function", "tissue", "genetic_function", "embryonic_structure", "cell_component", "mental_process", "gene_or_genome", "physiologic_function", "cell_function", "organism_function"], "antibioticdisrupts": ["gene_or_genome", "molecular_function", "organ_or_tissue_function", "cell_function", "fully_formed_anatomical_structure", "body_part_organ_or_organ_component", "cell_component", "tissue", "genetic_function", "embryonic_structure", "physiologic_function", "mental_process", "cell", "organism_function"], "vitamindisrupts": ["gene_or_genome", "tissue", "cell_function", "mental_process", "embryonic_structure", "body_part_organ_or_organ_component", "genetic_function", "organism_function", "cell", "cell_component", "physiologic_function", "fully_formed_anatomical_structure", "molecular_function", "organ_or_tissue_function"], "cell_componentissue_in": ["biomedical_occupation_or_discipline", "occupation_or_discipline"], "embryonic_structureissue_in": ["occupation_or_discipline", "biomedical_occupation_or_discipline"], "natural_phenomenon_or_processissue_in": ["biomedical_occupation_or_discipline", "occupation_or_discipline"], "acquired_abnormalityissue_in": ["occupation_or_discipline", "biomedical_occupation_or_discipline"], "animalissue_in": ["occupation_or_discipline", "biomedical_occupation_or_discipline"], "family_groupissue_in": ["occupation_or_discipline", "biomedical_occupation_or_discipline"], "spatial_conceptissue_in": ["biomedical_occupation_or_discipline", "occupation_or_discipline"], "nucleic_acid_nucleoside_or_nucleotideissue_in": ["occupation_or_discipline", "biomedical_occupation_or_discipline"], "professional_or_occupational_groupissue_in": ["occupation_or_discipline", "biomedical_occupation_or_discipline"], "mental_or_behavioral_dysfunctionissue_in": ["biomedical_occupation_or_discipline", "occupation_or_discipline"], "phenomenon_or_processissue_in": ["biomedical_occupation_or_discipline", "occupation_or_discipline"], "individual_behaviorissue_in": ["biomedical_occupation_or_discipline", "occupation_or_discipline"], "body_systemissue_in": ["occupation_or_discipline", "biomedical_occupation_or_discipline"], "steroidissue_in": ["occupation_or_discipline", "biomedical_occupation_or_discipline"], "neuroreactive_substance_or_biogenic_amineissue_in": ["biomedical_occupation_or_discipline", "occupation_or_discipline"], "rickettsia_or_chlamydiaissue_in": ["occupation_or_discipline", "biomedical_occupation_or_discipline"], "chemical_viewed_functionallyissue_in": ["biomedical_occupation_or_discipline", "occupation_or_discipline"], "occupational_activityissue_in": ["occupation_or_discipline", "biomedical_occupation_or_discipline"], "physical_objectissue_in": ["occupation_or_discipline", "biomedical_occupation_or_discipline"], "cell_or_molecular_dysfunctionissue_in": ["biomedical_occupation_or_discipline", "occupation_or_discipline"], "sign_or_symptomissue_in": ["biomedical_occupation_or_discipline", "occupation_or_discipline"], "population_groupissue_in": ["occupation_or_discipline", "biomedical_occupation_or_discipline"], "environmental_effect_of_humansissue_in": ["occupation_or_discipline", "biomedical_occupation_or_discipline"], "biologic_functionissue_in": ["biomedical_occupation_or_discipline", "occupation_or_discipline"], "classificationissue_in": ["occupation_or_discipline", "biomedical_occupation_or_discipline"], "governmental_or_regulatory_activityissue_in": ["occupation_or_discipline", "biomedical_occupation_or_discipline"], "virusissue_in": ["occupation_or_discipline", "biomedical_occupation_or_discipline"], "organism_attributeissue_in": ["biomedical_occupation_or_discipline", "occupation_or_discipline"], "daily_or_recreational_activityissue_in": ["occupation_or_discipline", "biomedical_occupation_or_discipline"], "conceptual_entityissue_in": ["occupation_or_discipline", "biomedical_occupation_or_discipline"], "occupation_or_disciplineissue_in": ["biomedical_occupation_or_discipline"], "bacteriumissue_in": ["occupation_or_discipline", "biomedical_occupation_or_discipline"], "health_care_related_organizationissue_in": ["biomedical_occupation_or_discipline", "occupation_or_discipline"], "cellissue_in": ["biomedical_occupation_or_discipline", "occupation_or_discipline"], "activityissue_in": ["occupation_or_discipline", "biomedical_occupation_or_discipline"], "amino_acid_peptide_or_proteinissue_in": ["biomedical_occupation_or_discipline", "occupation_or_discipline"], "eventissue_in": ["occupation_or_discipline", "biomedical_occupation_or_discipline"], "archaeonissue_in": ["occupation_or_discipline", "biomedical_occupation_or_discipline"], "groupissue_in": ["biomedical_occupation_or_discipline", "occupation_or_discipline"], "mental_processissue_in": ["occupation_or_discipline", "biomedical_occupation_or_discipline"], "organ_or_tissue_functionissue_in": ["biomedical_occupation_or_discipline", "occupation_or_discipline"], "nucleotide_sequenceissue_in": ["occupation_or_discipline", "biomedical_occupation_or_discipline"], "birdissue_in": ["occupation_or_discipline", "biomedical_occupation_or_discipline"], "hormoneissue_in": ["biomedical_occupation_or_discipline", "occupation_or_discipline"], "antibioticissue_in": ["occupation_or_discipline", "biomedical_occupation_or_discipline"], "hazardous_or_poisonous_substanceissue_in": ["biomedical_occupation_or_discipline", "occupation_or_discipline"], "laboratory_procedureissue_in": ["occupation_or_discipline", "biomedical_occupation_or_discipline"], "geographic_areaissue_in": ["biomedical_occupation_or_discipline", "occupation_or_discipline"], "amphibianissue_in": ["occupation_or_discipline", "biomedical_occupation_or_discipline"], "body_part_organ_or_organ_componentissue_in": ["occupation_or_discipline", "biomedical_occupation_or_discipline"], "clinical_attributeissue_in": ["biomedical_occupation_or_discipline", "occupation_or_discipline"], "plantissue_in": ["occupation_or_discipline", "biomedical_occupation_or_discipline"], "eicosanoidissue_in": ["occupation_or_discipline", "biomedical_occupation_or_discipline"], "machine_activityissue_in": ["biomedical_occupation_or_discipline", "occupation_or_discipline"], "biomedical_occupation_or_disciplineissue_in": ["occupation_or_discipline"], "foodissue_in": ["occupation_or_discipline", "biomedical_occupation_or_discipline"], "anatomical_abnormalityissue_in": ["occupation_or_discipline", "biomedical_occupation_or_discipline"], "entityissue_in": ["occupation_or_discipline", "biomedical_occupation_or_discipline"], "manufactured_objectissue_in": ["occupation_or_discipline", "biomedical_occupation_or_discipline"], "molecular_biology_research_techniqueissue_in": ["occupation_or_discipline", "biomedical_occupation_or_discipline"], "carbohydrate_sequenceissue_in": ["biomedical_occupation_or_discipline", "occupation_or_discipline"], "fully_formed_anatomical_structureissue_in": ["occupation_or_discipline", "biomedical_occupation_or_discipline"], "neoplastic_processissue_in": ["occupation_or_discipline", "biomedical_occupation_or_discipline"], "lipidissue_in": ["biomedical_occupation_or_discipline", "occupation_or_discipline"], "health_care_activityissue_in": ["occupation_or_discipline", "biomedical_occupation_or_discipline"], "body_substanceissue_in": ["occupation_or_discipline", "biomedical_occupation_or_discipline"], "vertebrateissue_in": ["biomedical_occupation_or_discipline", "occupation_or_discipline"], "molecular_sequenceissue_in": ["occupation_or_discipline", "biomedical_occupation_or_discipline"], "drug_delivery_deviceissue_in": ["biomedical_occupation_or_discipline", "occupation_or_discipline"], "patient_or_disabled_groupissue_in": ["biomedical_occupation_or_discipline", "occupation_or_discipline"], "immunologic_factorissue_in": ["occupation_or_discipline", "biomedical_occupation_or_discipline"], "invertebrateissue_in": ["biomedical_occupation_or_discipline", "occupation_or_discipline"], "organophosphorus_compoundissue_in": ["biomedical_occupation_or_discipline", "occupation_or_discipline"], "pathologic_functionissue_in": ["biomedical_occupation_or_discipline", "occupation_or_discipline"], "element_ion_or_isotopeissue_in": ["occupation_or_discipline", "biomedical_occupation_or_discipline"], "laboratory_or_test_resultissue_in": ["occupation_or_discipline", "biomedical_occupation_or_discipline"], "biologically_active_substanceissue_in": ["occupation_or_discipline", "biomedical_occupation_or_discipline"], "languageissue_in": ["occupation_or_discipline", "biomedical_occupation_or_discipline"], "medical_deviceissue_in": ["biomedical_occupation_or_discipline", "occupation_or_discipline"], "molecular_functionissue_in": ["biomedical_occupation_or_discipline", "occupation_or_discipline"], "amino_acid_sequenceissue_in": ["occupation_or_discipline", "biomedical_occupation_or_discipline"], "fishissue_in": ["occupation_or_discipline", "biomedical_occupation_or_discipline"], "therapeutic_or_preventive_procedureissue_in": ["occupation_or_discipline", "biomedical_occupation_or_discipline"], "qualitative_conceptissue_in": ["occupation_or_discipline", "biomedical_occupation_or_discipline"], "genetic_functionissue_in": ["biomedical_occupation_or_discipline", "occupation_or_discipline"], "cell_functionissue_in": ["occupation_or_discipline", "biomedical_occupation_or_discipline"], "intellectual_productissue_in": ["occupation_or_discipline", "biomedical_occupation_or_discipline"], "physiologic_functionissue_in": ["occupation_or_discipline", "biomedical_occupation_or_discipline"], "experimental_model_of_diseaseissue_in": ["occupation_or_discipline", "biomedical_occupation_or_discipline"], "disease_or_syndromeissue_in": ["occupation_or_discipline", "biomedical_occupation_or_discipline"], "self_help_or_relief_organizationissue_in": ["biomedical_occupation_or_discipline", "occupation_or_discipline"], "regulation_or_lawissue_in": ["biomedical_occupation_or_discipline", "occupation_or_discipline"], "organismissue_in": ["biomedical_occupation_or_discipline", "occupation_or_discipline"], "biomedical_or_dental_materialissue_in": ["biomedical_occupation_or_discipline", "occupation_or_discipline"], "reptileissue_in": ["occupation_or_discipline", "biomedical_occupation_or_discipline"], "social_behaviorissue_in": ["occupation_or_discipline", "biomedical_occupation_or_discipline"], "research_deviceissue_in": ["biomedical_occupation_or_discipline", "occupation_or_discipline"], "congenital_abnormalityissue_in": ["biomedical_occupation_or_discipline", "occupation_or_discipline"], "age_groupissue_in": ["occupation_or_discipline", "biomedical_occupation_or_discipline"], "organic_chemicalissue_in": ["occupation_or_discipline", "biomedical_occupation_or_discipline"], "vitaminissue_in": ["occupation_or_discipline", "biomedical_occupation_or_discipline"], "enzymeissue_in": ["occupation_or_discipline", "biomedical_occupation_or_discipline"], "clinical_drugissue_in": ["occupation_or_discipline", "biomedical_occupation_or_discipline"], "indicator_reagent_or_diagnostic_aidissue_in": ["biomedical_occupation_or_discipline", "occupation_or_discipline"], "functional_conceptissue_in": ["occupation_or_discipline", "biomedical_occupation_or_discipline"], "receptorissue_in": ["biomedical_occupation_or_discipline", "occupation_or_discipline"], "carbohydrateissue_in": ["occupation_or_discipline", "biomedical_occupation_or_discipline"], "human_caused_phenomenon_or_processissue_in": ["occupation_or_discipline", "biomedical_occupation_or_discipline"], "fungusissue_in": ["biomedical_occupation_or_discipline", "occupation_or_discipline"], "inorganic_chemicalissue_in": ["biomedical_occupation_or_discipline", "occupation_or_discipline"], "injury_or_poisoningissue_in": ["biomedical_occupation_or_discipline", "occupation_or_discipline"], "temporal_conceptissue_in": ["biomedical_occupation_or_discipline", "occupation_or_discipline"], "professional_societyissue_in": ["occupation_or_discipline", "biomedical_occupation_or_discipline"], "body_location_or_regionissue_in": ["biomedical_occupation_or_discipline", "occupation_or_discipline"], "organism_functionissue_in": ["biomedical_occupation_or_discipline", "occupation_or_discipline"], "quantitative_conceptissue_in": ["occupation_or_discipline", "biomedical_occupation_or_discipline"], "behaviorissue_in": ["occupation_or_discipline", "biomedical_occupation_or_discipline"], "findingissue_in": ["biomedical_occupation_or_discipline", "occupation_or_discipline"], "gene_or_genomeissue_in": ["biomedical_occupation_or_discipline", "occupation_or_discipline"], "mammalissue_in": ["biomedical_occupation_or_discipline", "occupation_or_discipline"], "group_attributeissue_in": ["occupation_or_discipline", "biomedical_occupation_or_discipline"], "pharmacologic_substanceissue_in": ["occupation_or_discipline", "biomedical_occupation_or_discipline"], "algaissue_in": ["occupation_or_discipline", "biomedical_occupation_or_discipline"], "educational_activityissue_in": ["biomedical_occupation_or_discipline", "occupation_or_discipline"], "research_activityissue_in": ["biomedical_occupation_or_discipline", "occupation_or_discipline"], "organizationissue_in": ["biomedical_occupation_or_discipline", "occupation_or_discipline"], "substanceissue_in": ["biomedical_occupation_or_discipline", "occupation_or_discipline"], "idea_or_conceptissue_in": ["biomedical_occupation_or_discipline", "occupation_or_discipline"], "chemicalissue_in": ["occupation_or_discipline", "biomedical_occupation_or_discipline"], "chemical_viewed_structurallyissue_in": ["biomedical_occupation_or_discipline", "occupation_or_discipline"], "anatomical_structureissue_in": ["occupation_or_discipline", "biomedical_occupation_or_discipline"], "humanissue_in": ["occupation_or_discipline", "biomedical_occupation_or_discipline"], "body_space_or_junctionissue_in": ["occupation_or_discipline", "biomedical_occupation_or_discipline"], "tissueissue_in": ["occupation_or_discipline", "biomedical_occupation_or_discipline"], "diagnostic_procedureissue_in": ["occupation_or_discipline", "biomedical_occupation_or_discipline"], "anatomical_abnormalitypart_of": ["amphibian", "organism", "rickettsia_or_chlamydia", "bird", "invertebrate", "plant", "reptile", "virus", "human", "archaeon", "fish", "alga", "fungus", "bacterium", "mammal", "vertebrate", "animal"], "cell_componentpart_of": ["cell", "bird", "bacterium", "tissue", "vertebrate", "archaeon", "rickettsia_or_chlamydia", "invertebrate", "virus", "animal", "plant", "fish", "amphibian", "mammal", "reptile", "fungus", "alga", "organism", "body_part_organ_or_organ_component", "human"], "anatomical_structurepart_of": ["invertebrate", "human", "amphibian", "rickettsia_or_chlamydia", "reptile", "organism", "animal", "mammal", "archaeon", "vertebrate", "bacterium", "fish", "bird", "virus", "alga", "plant", "fungus"], "tissuepart_of": ["animal", "mammal", "fish", "reptile", "organism", "virus", "invertebrate", "archaeon", "rickettsia_or_chlamydia", "amphibian", "alga", "vertebrate", "bird", "fungus", "human", "plant", "bacterium", "body_part_organ_or_organ_component"], "acquired_abnormalitypart_of": ["reptile", "mammal", "fungus", "archaeon", "virus", "animal", "human", "bacterium", "organism", "vertebrate", "invertebrate", "bird", "fish", "amphibian", "plant", "rickettsia_or_chlamydia", "alga"], "cellpart_of": ["rickettsia_or_chlamydia", "plant", "alga", "organism", "bird", "fish", "animal", "virus", "tissue", "vertebrate", "human", "archaeon", "amphibian", "mammal", "invertebrate", "reptile", "fungus", "bacterium", "body_part_organ_or_organ_component"], "embryonic_structurepart_of": ["organism", "human", "archaeon", "fish", "plant", "amphibian", "alga", "animal", "invertebrate", "mammal", "reptile", "rickettsia_or_chlamydia", "virus", "bacterium", "bird", "fungus", "cell", "vertebrate"], "body_part_organ_or_organ_componentpart_of": ["animal", "fish", "mammal", "reptile", "amphibian", "vertebrate", "fungus", "bird", "bacterium", "virus", "archaeon", "human", "organism", "rickettsia_or_chlamydia", "alga", "plant", "invertebrate"], "gene_or_genomepart_of": ["human", "amphibian", "bird", "fungus", "archaeon", "mammal", "fish", "virus", "animal", "cell", "organism", "invertebrate", "rickettsia_or_chlamydia", "alga", "bacterium", "body_part_organ_or_organ_component", "tissue", "reptile", "cell_component", "vertebrate", "plant"], "fully_formed_anatomical_structurepart_of": ["mammal", "organism", "bacterium", "reptile", "fungus", "vertebrate", "alga", "rickettsia_or_chlamydia", "human", "fish", "virus", "animal", "invertebrate", "amphibian", "archaeon", "plant", "bird"], "congenital_abnormalitypart_of": ["amphibian", "animal", "invertebrate", "archaeon", "fungus", "fish", "plant", "reptile", "alga", "rickettsia_or_chlamydia", "vertebrate", "human", "organism", "bird", "mammal", "bacterium", "virus"], "body_space_or_junctionpart_of": ["body_part_organ_or_organ_component"], "body_substancepart_of": ["body_part_organ_or_organ_component"], "laboratory_proceduremeasures": ["organ_or_tissue_function", "immunologic_factor", "cell_or_molecular_dysfunction", "receptor", "physiologic_function", "mental_or_behavioral_dysfunction", "cell_function", "experimental_model_of_disease", "body_substance", "genetic_function", "quantitative_concept", "organophosphorus_compound", "neoplastic_process", "natural_phenomenon_or_process", "carbohydrate", "enzyme", "clinical_attribute", "steroid", "molecular_function", "neuroreactive_substance_or_biogenic_amine", "lipid", "disease_or_syndrome", "eicosanoid", "biologically_active_substance", "temporal_concept", "vitamin", "chemical_viewed_structurally", "organism_function", "hazardous_or_poisonous_substance", "nucleic_acid_nucleoside_or_nucleotide", "hormone", "chemical_viewed_functionally", "amino_acid_peptide_or_protein", "biologic_function", "chemical", "element_ion_or_isotope", "inorganic_chemical", "mental_process", "organic_chemical", "pathologic_function", "indicator_reagent_or_diagnostic_aid", "antibiotic", "pharmacologic_substance", "biomedical_or_dental_material", "organism_attribute"], "molecular_biology_research_techniquemeasures": ["cell_or_molecular_dysfunction", "antibiotic", "quantitative_concept", "mental_or_behavioral_dysfunction", "pharmacologic_substance", "body_substance", "organophosphorus_compound", "steroid", "vitamin", "clinical_attribute", "organic_chemical", "hormone", "neuroreactive_substance_or_biogenic_amine", "biologically_active_substance", "cell_function", "immunologic_factor", "chemical_viewed_structurally", "temporal_concept", "pathologic_function", "genetic_function", "hazardous_or_poisonous_substance", "enzyme", "nucleic_acid_nucleoside_or_nucleotide", "chemical", "biologic_function", "mental_process", "physiologic_function", "indicator_reagent_or_diagnostic_aid", "carbohydrate", "disease_or_syndrome", "inorganic_chemical", "organism_attribute", "lipid", "organ_or_tissue_function", "organism_function", "biomedical_or_dental_material", "experimental_model_of_disease", "chemical_viewed_functionally", "element_ion_or_isotope", "amino_acid_peptide_or_protein", "eicosanoid", "natural_phenomenon_or_process", "molecular_function", "receptor", "neoplastic_process"], "diagnostic_proceduremeasures": ["carbohydrate", "disease_or_syndrome", "vitamin", "element_ion_or_isotope", "antibiotic", "immunologic_factor", "chemical", "enzyme", "biologically_active_substance", "eicosanoid", "chemical_viewed_structurally", "pathologic_function", "body_substance", "indicator_reagent_or_diagnostic_aid", "natural_phenomenon_or_process", "mental_or_behavioral_dysfunction", "organism_function", "nucleic_acid_nucleoside_or_nucleotide", "steroid", "hormone", "biologic_function", "inorganic_chemical", "experimental_model_of_disease", "neoplastic_process", "mental_process", "organ_or_tissue_function", "organism_attribute", "genetic_function", "neuroreactive_substance_or_biogenic_amine", "cell_or_molecular_dysfunction", "quantitative_concept", "physiologic_function", "clinical_attribute", "lipid", "organic_chemical", "hazardous_or_poisonous_substance", "organophosphorus_compound", "chemical_viewed_functionally", "molecular_function", "receptor", "amino_acid_peptide_or_protein", "biomedical_or_dental_material", "cell_function", "pharmacologic_substance", "temporal_concept"], "research_activitymeasures": ["chemical", "indicator_reagent_or_diagnostic_aid", "receptor", "neoplastic_process", "organism_function", "mental_or_behavioral_dysfunction", "organophosphorus_compound", "hazardous_or_poisonous_substance", "mental_process", "biologic_function", "physiologic_function", "genetic_function", "immunologic_factor", "pathologic_function", "natural_phenomenon_or_process", "disease_or_syndrome", "chemical_viewed_functionally", "biologically_active_substance", "body_substance", "experimental_model_of_disease", "nucleic_acid_nucleoside_or_nucleotide", "lipid", "organic_chemical", "quantitative_concept", "element_ion_or_isotope", "carbohydrate", "vitamin", "hormone", "cell_function", "cell_or_molecular_dysfunction", "enzyme", "neuroreactive_substance_or_biogenic_amine", "clinical_attribute", "eicosanoid", "inorganic_chemical", "organ_or_tissue_function", "temporal_concept", "antibiotic", "molecular_function", "steroid", "organism_attribute", "biomedical_or_dental_material", "chemical_viewed_structurally", "pharmacologic_substance", "amino_acid_peptide_or_protein"], "receptorcauses": ["anatomical_abnormality", "neoplastic_process", "experimental_model_of_disease", "congenital_abnormality", "disease_or_syndrome", "cell_or_molecular_dysfunction", "injury_or_poisoning", "pathologic_function", "acquired_abnormality", "mental_or_behavioral_dysfunction"], "chemical_viewed_functionallycauses": ["neoplastic_process", "experimental_model_of_disease", "injury_or_poisoning", "cell_or_molecular_dysfunction", "disease_or_syndrome", "pathologic_function", "congenital_abnormality", "anatomical_abnormality", "acquired_abnormality", "mental_or_behavioral_dysfunction"], "hormonecauses": ["cell_or_molecular_dysfunction", "acquired_abnormality", "neoplastic_process", "mental_or_behavioral_dysfunction", "disease_or_syndrome", "injury_or_poisoning", "experimental_model_of_disease", "pathologic_function", "anatomical_abnormality", "congenital_abnormality"], "eicosanoidcauses": ["pathologic_function", "cell_or_molecular_dysfunction", "acquired_abnormality", "mental_or_behavioral_dysfunction", "disease_or_syndrome", "experimental_model_of_disease", "injury_or_poisoning", "anatomical_abnormality", "congenital_abnormality", "neoplastic_process"], "antibioticcauses": ["anatomical_abnormality", "disease_or_syndrome", "mental_or_behavioral_dysfunction", "injury_or_poisoning", "neoplastic_process", "congenital_abnormality", "experimental_model_of_disease", "pathologic_function", "cell_or_molecular_dysfunction", "acquired_abnormality"], "biologically_active_substancecauses": ["neoplastic_process", "anatomical_abnormality", "cell_or_molecular_dysfunction", "pathologic_function", "acquired_abnormality", "congenital_abnormality", "experimental_model_of_disease", "mental_or_behavioral_dysfunction", "disease_or_syndrome", "injury_or_poisoning"], "viruscauses": ["disease_or_syndrome", "neoplastic_process", "mental_or_behavioral_dysfunction", "experimental_model_of_disease", "cell_or_molecular_dysfunction", "pathologic_function"], "rickettsia_or_chlamydiacauses": ["mental_or_behavioral_dysfunction", "disease_or_syndrome", "experimental_model_of_disease", "pathologic_function", "neoplastic_process", "cell_or_molecular_dysfunction"], "element_ion_or_isotopecauses": ["experimental_model_of_disease", "pathologic_function", "mental_or_behavioral_dysfunction", "acquired_abnormality", "injury_or_poisoning", "congenital_abnormality", "disease_or_syndrome", "anatomical_abnormality", "neoplastic_process", "cell_or_molecular_dysfunction"], "organic_chemicalcauses": ["pathologic_function", "neoplastic_process", "anatomical_abnormality", "experimental_model_of_disease", "mental_or_behavioral_dysfunction", "injury_or_poisoning", "acquired_abnormality", "disease_or_syndrome", "cell_or_molecular_dysfunction", "congenital_abnormality"], "invertebratecauses": ["disease_or_syndrome", "mental_or_behavioral_dysfunction", "cell_or_molecular_dysfunction", "neoplastic_process", "pathologic_function", "experimental_model_of_disease"], "nucleic_acid_nucleoside_or_nucleotidecauses": ["disease_or_syndrome", "congenital_abnormality", "cell_or_molecular_dysfunction", "mental_or_behavioral_dysfunction", "acquired_abnormality", "pathologic_function", "anatomical_abnormality", "neoplastic_process", "experimental_model_of_disease", "injury_or_poisoning"], "drug_delivery_devicecauses": ["anatomical_abnormality", "neoplastic_process", "experimental_model_of_disease", "pathologic_function", "cell_or_molecular_dysfunction", "disease_or_syndrome", "mental_or_behavioral_dysfunction", "acquired_abnormality", "congenital_abnormality", "injury_or_poisoning"], "hazardous_or_poisonous_substancecauses": ["pathologic_function", "experimental_model_of_disease", "injury_or_poisoning", "disease_or_syndrome", "neoplastic_process", "acquired_abnormality", "mental_or_behavioral_dysfunction", "cell_or_molecular_dysfunction", "anatomical_abnormality", "congenital_abnormality"], "body_substancecauses": ["acquired_abnormality", "experimental_model_of_disease", "mental_or_behavioral_dysfunction", "neoplastic_process", "injury_or_poisoning", "anatomical_abnormality", "cell_or_molecular_dysfunction", "congenital_abnormality", "pathologic_function", "disease_or_syndrome"], "neuroreactive_substance_or_biogenic_aminecauses": ["neoplastic_process", "experimental_model_of_disease", "mental_or_behavioral_dysfunction", "cell_or_molecular_dysfunction", "congenital_abnormality", "disease_or_syndrome", "injury_or_poisoning", "acquired_abnormality", "anatomical_abnormality", "pathologic_function"], "chemicalcauses": ["acquired_abnormality", "experimental_model_of_disease", "cell_or_molecular_dysfunction", "mental_or_behavioral_dysfunction", "neoplastic_process", "congenital_abnormality", "pathologic_function", "anatomical_abnormality", "injury_or_poisoning", "disease_or_syndrome"], "research_devicecauses": ["experimental_model_of_disease", "congenital_abnormality", "pathologic_function", "neoplastic_process", "cell_or_molecular_dysfunction", "injury_or_poisoning", "mental_or_behavioral_dysfunction", "acquired_abnormality", "disease_or_syndrome", "anatomical_abnormality"], "pharmacologic_substancecauses": ["cell_or_molecular_dysfunction", "experimental_model_of_disease", "congenital_abnormality", "mental_or_behavioral_dysfunction", "neoplastic_process", "acquired_abnormality", "disease_or_syndrome", "anatomical_abnormality", "injury_or_poisoning", "pathologic_function"], "biomedical_or_dental_materialcauses": ["acquired_abnormality", "experimental_model_of_disease", "mental_or_behavioral_dysfunction", "injury_or_poisoning", "congenital_abnormality", "pathologic_function", "disease_or_syndrome", "neoplastic_process", "cell_or_molecular_dysfunction", "anatomical_abnormality"], "immunologic_factorcauses": ["disease_or_syndrome", "injury_or_poisoning", "neoplastic_process", "anatomical_abnormality", "pathologic_function", "mental_or_behavioral_dysfunction", "experimental_model_of_disease", "acquired_abnormality", "cell_or_molecular_dysfunction", "congenital_abnormality"], "carbohydratecauses": ["congenital_abnormality", "injury_or_poisoning", "experimental_model_of_disease", "disease_or_syndrome", "acquired_abnormality", "neoplastic_process", "anatomical_abnormality", "mental_or_behavioral_dysfunction", "pathologic_function", "cell_or_molecular_dysfunction"], "foodcauses": ["cell_or_molecular_dysfunction", "experimental_model_of_disease", "disease_or_syndrome", "pathologic_function", "anatomical_abnormality", "injury_or_poisoning", "mental_or_behavioral_dysfunction", "congenital_abnormality", "acquired_abnormality", "neoplastic_process"], "inorganic_chemicalcauses": ["acquired_abnormality", "mental_or_behavioral_dysfunction", "disease_or_syndrome", "pathologic_function", "experimental_model_of_disease", "injury_or_poisoning", "congenital_abnormality", "cell_or_molecular_dysfunction", "anatomical_abnormality", "neoplastic_process"], "substancecauses": ["pathologic_function", "experimental_model_of_disease", "mental_or_behavioral_dysfunction", "injury_or_poisoning", "anatomical_abnormality", "congenital_abnormality", "acquired_abnormality", "cell_or_molecular_dysfunction", "neoplastic_process", "disease_or_syndrome"], "vitamincauses": ["mental_or_behavioral_dysfunction", "congenital_abnormality", "disease_or_syndrome", "pathologic_function", "acquired_abnormality", "experimental_model_of_disease", "neoplastic_process", "anatomical_abnormality", "cell_or_molecular_dysfunction", "injury_or_poisoning"], "manufactured_objectcauses": ["injury_or_poisoning", "disease_or_syndrome", "pathologic_function", "anatomical_abnormality", "experimental_model_of_disease", "congenital_abnormality", "acquired_abnormality", "neoplastic_process", "cell_or_molecular_dysfunction", "mental_or_behavioral_dysfunction"], "chemical_viewed_structurallycauses": ["acquired_abnormality", "mental_or_behavioral_dysfunction", "neoplastic_process", "injury_or_poisoning", "congenital_abnormality", "pathologic_function", "experimental_model_of_disease", "disease_or_syndrome", "anatomical_abnormality", "cell_or_molecular_dysfunction"], "steroidcauses": ["mental_or_behavioral_dysfunction", "injury_or_poisoning", "experimental_model_of_disease", "disease_or_syndrome", "acquired_abnormality", "neoplastic_process", "pathologic_function", "cell_or_molecular_dysfunction", "anatomical_abnormality", "congenital_abnormality"], "lipidcauses": ["anatomical_abnormality", "cell_or_molecular_dysfunction", "mental_or_behavioral_dysfunction", "injury_or_poisoning", "pathologic_function", "disease_or_syndrome", "experimental_model_of_disease", "neoplastic_process", "acquired_abnormality", "congenital_abnormality"], "enzymecauses": ["pathologic_function", "acquired_abnormality", "neoplastic_process", "cell_or_molecular_dysfunction", "mental_or_behavioral_dysfunction", "anatomical_abnormality", "disease_or_syndrome", "injury_or_poisoning", "experimental_model_of_disease", "congenital_abnormality"], "amino_acid_peptide_or_proteincauses": ["acquired_abnormality", "neoplastic_process", "experimental_model_of_disease", "injury_or_poisoning", "mental_or_behavioral_dysfunction", "anatomical_abnormality", "congenital_abnormality", "pathologic_function", "disease_or_syndrome", "cell_or_molecular_dysfunction"], "medical_devicecauses": ["pathologic_function", "disease_or_syndrome", "congenital_abnormality", "anatomical_abnormality", "injury_or_poisoning", "neoplastic_process", "experimental_model_of_disease", "acquired_abnormality", "cell_or_molecular_dysfunction", "mental_or_behavioral_dysfunction"], "bacteriumcauses": ["pathologic_function", "cell_or_molecular_dysfunction", "disease_or_syndrome", "mental_or_behavioral_dysfunction", "experimental_model_of_disease", "neoplastic_process"], "indicator_reagent_or_diagnostic_aidcauses": ["congenital_abnormality", "experimental_model_of_disease", "pathologic_function", "disease_or_syndrome", "acquired_abnormality", "cell_or_molecular_dysfunction", "neoplastic_process", "injury_or_poisoning", "anatomical_abnormality", "mental_or_behavioral_dysfunction"], "clinical_drugcauses": ["congenital_abnormality", "cell_or_molecular_dysfunction", "mental_or_behavioral_dysfunction", "pathologic_function", "neoplastic_process", "disease_or_syndrome", "experimental_model_of_disease", "injury_or_poisoning", "anatomical_abnormality", "acquired_abnormality"], "organophosphorus_compoundcauses": ["mental_or_behavioral_dysfunction", "cell_or_molecular_dysfunction", "injury_or_poisoning", "neoplastic_process", "anatomical_abnormality", "experimental_model_of_disease", "congenital_abnormality", "disease_or_syndrome", "acquired_abnormality", "pathologic_function"], "funguscauses": ["cell_or_molecular_dysfunction", "mental_or_behavioral_dysfunction", "experimental_model_of_disease", "neoplastic_process", "pathologic_function", "disease_or_syndrome"], "pharmacologic_substancetreats": ["sign_or_symptom", "congenital_abnormality", "mental_or_behavioral_dysfunction", "acquired_abnormality", "cell_or_molecular_dysfunction", "anatomical_abnormality", "pathologic_function", "experimental_model_of_disease", "neoplastic_process", "disease_or_syndrome", "injury_or_poisoning"], "therapeutic_or_preventive_proceduretreats": ["sign_or_symptom", "congenital_abnormality", "pathologic_function", "cell_or_molecular_dysfunction", "disease_or_syndrome", "anatomical_abnormality", "neoplastic_process", "experimental_model_of_disease", "acquired_abnormality", "injury_or_poisoning", "mental_or_behavioral_dysfunction"], "antibiotictreats": ["injury_or_poisoning", "cell_or_molecular_dysfunction", "sign_or_symptom", "mental_or_behavioral_dysfunction", "anatomical_abnormality", "disease_or_syndrome", "pathologic_function", "neoplastic_process", "acquired_abnormality", "congenital_abnormality", "experimental_model_of_disease"], "drug_delivery_devicetreats": ["mental_or_behavioral_dysfunction", "disease_or_syndrome", "congenital_abnormality", "pathologic_function", "cell_or_molecular_dysfunction", "neoplastic_process", "experimental_model_of_disease", "anatomical_abnormality", "acquired_abnormality", "sign_or_symptom", "injury_or_poisoning"], "medical_devicetreats": ["injury_or_poisoning", "anatomical_abnormality", "sign_or_symptom", "cell_or_molecular_dysfunction", "disease_or_syndrome", "neoplastic_process", "congenital_abnormality", "mental_or_behavioral_dysfunction", "pathologic_function", "experimental_model_of_disease", "acquired_abnormality"], "professional_or_occupational_grouptreats": ["patient_or_disabled_group"], "findingevaluation_of": ["pathologic_function", "experimental_model_of_disease", "organ_or_tissue_function", "molecular_function", "genetic_function", "physiologic_function", "clinical_attribute", "organism_function", "disease_or_syndrome", "mental_process", "biologic_function", "cell_function", "neoplastic_process", "cell_or_molecular_dysfunction", "mental_or_behavioral_dysfunction", "organism_attribute"], "sign_or_symptomevaluation_of": ["molecular_function", "physiologic_function", "organism_function", "organism_attribute", "clinical_attribute", "disease_or_syndrome", "mental_or_behavioral_dysfunction", "organ_or_tissue_function", "genetic_function", "cell_or_molecular_dysfunction", "mental_process", "neoplastic_process", "pathologic_function", "cell_function", "biologic_function", "experimental_model_of_disease"], "qualitative_conceptevaluation_of": ["daily_or_recreational_activity", "occupational_activity", "behavior", "machine_activity", "governmental_or_regulatory_activity", "diagnostic_procedure", "laboratory_procedure", "research_activity", "therapeutic_or_preventive_procedure", "social_behavior", "molecular_biology_research_technique", "educational_activity", "health_care_activity", "individual_behavior", "activity"], "laboratory_or_test_resultevaluation_of": ["neoplastic_process", "clinical_attribute", "organism_function", "mental_or_behavioral_dysfunction", "disease_or_syndrome", "organism_attribute", "cell_or_molecular_dysfunction", "pathologic_function", "organ_or_tissue_function", "biologic_function", "experimental_model_of_disease", "cell_function", "physiologic_function", "molecular_function", "mental_process", "genetic_function"], "laboratory_procedureassesses_effect_of": ["molecular_function", "chemical_viewed_functionally", "inorganic_chemical", "receptor", "antibiotic", "pharmacologic_substance", "amino_acid_peptide_or_protein", "enzyme", "eicosanoid", "biologic_function", "organ_or_tissue_function", "nucleic_acid_nucleoside_or_nucleotide", "mental_process", "indicator_reagent_or_diagnostic_aid", "lipid", "natural_phenomenon_or_process", "cell_function", "carbohydrate", "organism_function", "chemical_viewed_structurally", "steroid", "organic_chemical", "organophosphorus_compound", "mental_or_behavioral_dysfunction", "pathologic_function", "immunologic_factor", "vitamin", "hormone", "chemical", "neuroreactive_substance_or_biogenic_amine", "cell_or_molecular_dysfunction", "experimental_model_of_disease", "physiologic_function", "biologically_active_substance", "hazardous_or_poisonous_substance", "neoplastic_process", "biomedical_or_dental_material", "genetic_function", "element_ion_or_isotope", "disease_or_syndrome"], "diagnostic_procedureassesses_effect_of": ["antibiotic", "carbohydrate", "biomedical_or_dental_material", "indicator_reagent_or_diagnostic_aid", "receptor", "chemical_viewed_functionally", "chemical_viewed_structurally", "inorganic_chemical", "immunologic_factor", "hazardous_or_poisonous_substance", "eicosanoid", "pharmacologic_substance", "steroid", "nucleic_acid_nucleoside_or_nucleotide", "biologically_active_substance", "chemical", "organic_chemical", "neuroreactive_substance_or_biogenic_amine", "amino_acid_peptide_or_protein", "hormone", "organophosphorus_compound", "enzyme", "lipid", "element_ion_or_isotope", "vitamin"], "laboratory_or_test_resultmeasurement_of": ["chemical_viewed_structurally", "hazardous_or_poisonous_substance", "substance", "hormone", "molecular_function", "organism_function", "organ_or_tissue_function", "carbohydrate", "chemical_viewed_functionally", "neuroreactive_substance_or_biogenic_amine", "immunologic_factor", "organophosphorus_compound", "receptor", "cell_function", "mental_process", "biologically_active_substance", "body_substance", "eicosanoid", "indicator_reagent_or_diagnostic_aid", "genetic_function", "inorganic_chemical", "amino_acid_peptide_or_protein", "lipid", "antibiotic", "nucleic_acid_nucleoside_or_nucleotide", "steroid", "biomedical_or_dental_material", "vitamin", "element_ion_or_isotope", "organic_chemical", "enzyme", "chemical", "pharmacologic_substance", "physiologic_function", "food"], "quantitative_conceptmeasurement_of": ["carbohydrate_sequence", "cell_function", "amino_acid_sequence", "genetic_function", "geographic_area", "organism_function", "nucleotide_sequence", "molecular_function", "organ_or_tissue_function", "spatial_concept", "body_space_or_junction", "body_location_or_region", "molecular_sequence", "physiologic_function", "mental_process"], "organism_attributemeasurement_of": ["physiologic_function", "organism_function", "organ_or_tissue_function", "genetic_function", "cell_function", "mental_process", "molecular_function"], "clinical_attributemeasurement_of": ["organism_function", "physiologic_function", "mental_process", "cell_function", "genetic_function", "organ_or_tissue_function", "molecular_function"], "cell_or_molecular_dysfunctionprecedes": ["mental_or_behavioral_dysfunction", "neoplastic_process", "disease_or_syndrome", "pathologic_function", "experimental_model_of_disease"], "pathologic_functionprecedes": ["disease_or_syndrome", "experimental_model_of_disease", "neoplastic_process", "mental_or_behavioral_dysfunction", "cell_or_molecular_dysfunction"], "organ_or_tissue_functionprecedes": ["mental_process", "organism_function", "cell_function", "molecular_function", "genetic_function", "physiologic_function"], "cell_functionprecedes": ["physiologic_function", "mental_process", "organism_function", "molecular_function", "genetic_function", "organ_or_tissue_function"], "molecular_functionprecedes": ["mental_process", "cell_function", "physiologic_function", "genetic_function", "organ_or_tissue_function", "organism_function"], "genetic_functionprecedes": ["mental_process", "organism_function", "physiologic_function", "organ_or_tissue_function", "cell_function", "molecular_function"], "disease_or_syndromeprecedes": ["mental_or_behavioral_dysfunction", "experimental_model_of_disease", "cell_or_molecular_dysfunction", "pathologic_function", "neoplastic_process"], "neoplastic_processprecedes": ["mental_or_behavioral_dysfunction", "disease_or_syndrome", "pathologic_function", "experimental_model_of_disease", "cell_or_molecular_dysfunction"], "mental_processprecedes": ["physiologic_function", "molecular_function", "genetic_function", "organism_function", "cell_function", "organ_or_tissue_function"], "mental_or_behavioral_dysfunctionprecedes": ["disease_or_syndrome", "cell_or_molecular_dysfunction", "experimental_model_of_disease", "pathologic_function", "neoplastic_process"], "physiologic_functionprecedes": ["organism_function", "cell_function", "molecular_function", "mental_process", "genetic_function", "organ_or_tissue_function"], "experimental_model_of_diseaseprecedes": ["disease_or_syndrome", "mental_or_behavioral_dysfunction", "pathologic_function", "cell_or_molecular_dysfunction", "neoplastic_process"], "organism_functionprecedes": ["genetic_function", "molecular_function", "cell_function", "organ_or_tissue_function", "physiologic_function", "mental_process"], "diagnostic_procedureprecedes": ["therapeutic_or_preventive_procedure"], "patient_or_disabled_groupperforms": ["activity", "diagnostic_procedure", "daily_or_recreational_activity", "social_behavior", "molecular_biology_research_technique", "research_activity", "machine_activity", "behavior", "educational_activity", "laboratory_procedure", "therapeutic_or_preventive_procedure", "health_care_activity", "individual_behavior", "governmental_or_regulatory_activity", "occupational_activity"], "population_groupperforms": ["occupational_activity", "behavior", "individual_behavior", "machine_activity", "research_activity", "molecular_biology_research_technique", "laboratory_procedure", "social_behavior", "diagnostic_procedure", "health_care_activity", "activity", "therapeutic_or_preventive_procedure", "educational_activity", "governmental_or_regulatory_activity", "daily_or_recreational_activity"], "groupperforms": ["educational_activity", "behavior", "research_activity", "individual_behavior", "social_behavior", "activity", "laboratory_procedure", "therapeutic_or_preventive_procedure", "daily_or_recreational_activity", "occupational_activity", "diagnostic_procedure", "health_care_activity", "governmental_or_regulatory_activity", "molecular_biology_research_technique", "machine_activity"], "family_groupperforms": ["behavior", "daily_or_recreational_activity", "governmental_or_regulatory_activity", "individual_behavior", "diagnostic_procedure", "machine_activity", "social_behavior", "occupational_activity", "activity", "health_care_activity", "educational_activity", "molecular_biology_research_technique", "therapeutic_or_preventive_procedure", "laboratory_procedure", "research_activity"], "professional_or_occupational_groupperforms": ["daily_or_recreational_activity", "molecular_biology_research_technique", "laboratory_procedure", "therapeutic_or_preventive_procedure", "behavior", "research_activity", "social_behavior", "occupational_activity", "activity", "educational_activity", "individual_behavior", "health_care_activity", "machine_activity", "governmental_or_regulatory_activity", "diagnostic_procedure"], "age_groupperforms": ["governmental_or_regulatory_activity", "educational_activity", "research_activity", "individual_behavior", "therapeutic_or_preventive_procedure", "behavior", "occupational_activity", "diagnostic_procedure", "health_care_activity", "laboratory_procedure", "activity", "molecular_biology_research_technique", "machine_activity", "social_behavior", "daily_or_recreational_activity"], "diagnostic_procedureanalyzes": ["chemical", "enzyme", "body_substance", "receptor", "organophosphorus_compound", "amino_acid_peptide_or_protein", "carbohydrate", "eicosanoid", "biologically_active_substance", "vitamin", "steroid", "chemical_viewed_structurally", "inorganic_chemical", "chemical_viewed_functionally", "immunologic_factor", "biomedical_or_dental_material", "antibiotic", "lipid", "organic_chemical", "hormone", "nucleic_acid_nucleoside_or_nucleotide", "indicator_reagent_or_diagnostic_aid", "element_ion_or_isotope", "neuroreactive_substance_or_biogenic_amine", "hazardous_or_poisonous_substance", "pharmacologic_substance"], "laboratory_procedureanalyzes": ["hazardous_or_poisonous_substance", "antibiotic", "body_substance", "chemical_viewed_functionally", "enzyme", "eicosanoid", "steroid", "lipid", "element_ion_or_isotope", "organic_chemical", "chemical", "receptor", "indicator_reagent_or_diagnostic_aid", "immunologic_factor", "nucleic_acid_nucleoside_or_nucleotide", "inorganic_chemical", "biologically_active_substance", "chemical_viewed_structurally", "hormone", "carbohydrate", "vitamin", "biomedical_or_dental_material", "pharmacologic_substance", "amino_acid_peptide_or_protein", "organophosphorus_compound", "neuroreactive_substance_or_biogenic_amine"]}